"","week_day","average_alarm"
"1","Tue",388.4125
"2","Sat",388.188888888889
"3","Mon",388.1625
"4","Wed",386.522222222222
"5","Fri",379.944444444444
"6","Thu",379.233333333333
"7","Sun",378.166666666667
